"","region","lga","ward_merge","village_merge","VEO","WPts_name","wpt_code","select_WPts_name","added_WPts_name","WPt_name_VEO","WPts_reported_vill","WPts_reported_subvill","WPts_vill_new_name","village_final","WPts_reported","WPts_not_reported","WPts_not_reported_other","WPts_reported_status","WPts_reported_non_functional_reason","WPts_reported_non_functional_reason_other","WPts_current_status","WPts_current_non_functional_reason","WPts_current_non_functional_reason_other","WPts_reported_scheme","WPts_reported_scheme_new","date_stopped_functioning","date_stopped_functioning_reason","date_stopped_functioning_reason_other","date_started_functioning","date_started_functioning_reason","date_started_functioning_reason_other","longitude","latitude","numbertaps","form"
"1","Dodoma","Kondoa","Bereko","Bereko",NA,"Shule ya Msingi",NA,NA,NA,NA,"Bereko kurasini",NA,NA,NA,1,NA,NA,"functional",NA,NA,"functional",NA,NA,NA,NA,NA,NA,NA,NA,NA,NA,NA,NA,NA,"v9"
"2","Dodoma","Kondoa","Bereko","Bereko",NA,"Shemsia",NA,NA,NA,NA,"Bereko Mjini",NA,NA,NA,1,NA,NA,"functional",NA,NA,"non_functional","9",NA,NA,NA,NA,NA,NA,NA,NA,NA,NA,NA,NA,"v9"
"3","Dodoma","Kondoa","Bereko","Bereko",NA,"Shule ya msingi Bereko",NA,NA,NA,NA,"Bereko Mjini",NA,NA,NA,1,NA,NA,"functional",NA,NA,"functional",NA,NA,NA,NA,NA,NA,NA,NA,NA,NA,NA,NA,NA,"v9"
"4","Dodoma","Kondoa","Bereko","Bereko",NA,"Sokoni",NA,NA,NA,NA,"Bereko Mjini",NA,NA,NA,1,NA,NA,"functional",NA,NA,"functional",NA,NA,NA,NA,NA,NA,NA,NA,NA,NA,NA,NA,NA,"v9"
"5","Dodoma","Kondoa","Bereko","Bereko",NA,"Zahanati",NA,NA,NA,NA,"Bereko Mjini",NA,NA,NA,1,NA,NA,"functional",NA,NA,"functional",NA,NA,NA,NA,NA,NA,NA,NA,NA,NA,NA,NA,NA,"v9"
"6","Dodoma","Kondoa","Bereko","Bereko",NA,"Kurasini Chini",NA,NA,NA,NA,"Kurasini",NA,NA,NA,1,NA,NA,"functional",NA,NA,"non_functional","7","Depriciation of infrastructure",NA,NA,NA,NA,NA,NA,NA,NA,NA,NA,NA,"v9"
"7","Dodoma","Kondoa","Bereko","Bereko",NA,"Kurasini",NA,NA,NA,NA,"Kurasini",NA,NA,NA,1,NA,NA,"non_functional",7,"Depriciation of pumps","non_functional","6 9",NA,NA,NA,NA,NA,NA,NA,NA,NA,NA,NA,NA,"v9"
"8","Dodoma","Kondoa","Bereko","Bereko",NA,"Msikitini",NA,NA,NA,NA,"Yarawaak",NA,NA,NA,1,NA,NA,"functional",NA,NA,"functional",NA,NA,NA,NA,NA,NA,NA,NA,NA,NA,NA,NA,NA,"v9"
"9","Dodoma","Kondoa","Bereko","Bereko",NA,"Shule ya sekondari Bereko",NA,NA,NA,NA,"Yarawaak",NA,NA,NA,1,NA,NA,"functional",NA,NA,"non_functional","6 9",NA,NA,NA,NA,NA,NA,NA,NA,NA,NA,NA,NA,"v9"
"10","Dodoma","Kondoa","Bereko","Bereko",NA,"Yarawaak",NA,NA,NA,NA,"Yarawaak",NA,NA,NA,1,NA,NA,"functional",NA,NA,"non_functional","9",NA,NA,NA,NA,NA,NA,NA,NA,NA,NA,NA,NA,"v9"
"12","Dodoma","Chemba","Chemba","Kidoka","Mwanaidi J. Masare","Kanisani",NA,NA,NA,NA,"Kimambo",NA,NA,NA,1,NA,NA,"functional",NA,NA,"functional",NA,NA,"Public water scheme",NA,NA,NA,NA,NA,NA,NA,NA,NA,NA,"v9"
"13","Dodoma","Chemba","Chemba","Kidoka","Mwanaidi J. Masare","Msikitini",NA,NA,NA,NA,"Mkombozi",NA,NA,NA,1,NA,NA,"functional",NA,NA,"functional",NA,NA,"Public water scheme",NA,NA,NA,NA,NA,NA,NA,NA,NA,NA,"v9"
"14","Dodoma","Chemba","Chemba","Kidoka","Mwanaidi J. Masare","Kwa Mhogo",NA,NA,NA,NA,"Mkombozi",NA,NA,NA,1,NA,NA,"functional",NA,NA,"functional",NA,NA,"Public water scheme",NA,NA,NA,NA,NA,NA,NA,NA,NA,NA,"v9"
"15","Dodoma","Chemba","Chemba","Kidoka","Mwanaidi J. Masare","Kwa Juma George",NA,NA,NA,NA,"Mkalama",NA,NA,NA,0,"PBR Mistakenly did not include as a water point for Mkalama sub village.",NA,NA,NA,NA,"functional",NA,NA,"Public water scheme ",NA,NA,NA,NA,NA,NA,NA,NA,NA,NA,"v9"
"16","Dodoma","Chemba","Chemba","Kidoka","Mwanaidi J. Masare","Msangani",NA,NA,NA,NA,"Mkalama",NA,NA,NA,1,NA,NA,"functional",NA,NA,"functional",NA,NA,"Public water scheme",NA,NA,NA,NA,NA,NA,NA,NA,NA,NA,"v9"
"17","Dodoma","Chemba","Chemba","Kidoka","Mwanaidi J. Masare","Kwa Ayubu",NA,NA,NA,NA,"Mkalama",NA,NA,NA,1,NA,NA,"functional",NA,NA,"functional",NA,NA,"Public water scheme",NA,NA,NA,NA,NA,NA,NA,NA,NA,NA,"v9"
"18","Dodoma","Chemba","Chemba","Kidoka","Mwanaidi J. Masare","Zahanati",NA,NA,NA,NA,"Shuleni",NA,NA,NA,1,NA,NA,"functional",NA,NA,"functional",NA,NA,"Public water scheme",NA,NA,NA,NA,NA,NA,NA,NA,NA,NA,"v9"
"19","Dodoma","Chemba","Chemba","Kidoka","Mwanaidi J. Masare","Kwa Kimwose",NA,NA,NA,NA,"Shuleni",NA,NA,NA,1,NA,NA,"functional",NA,NA,"functional",NA,NA,"Public water scheme",NA,NA,NA,NA,NA,NA,NA,NA,NA,NA,"v9"
"20","Dodoma","Chemba","Chemba","Kidoka","Mwanaidi J. Masare","Shule ya msingi Kidoka",NA,NA,NA,NA,"Public water scheme",NA,NA,NA,1,NA,NA,"functional",NA,NA,"functional",NA,NA,"Public water scheme",NA,NA,NA,NA,NA,NA,NA,NA,NA,NA,"v9"
"21","Dodoma","Kondoa","Bumbuta","Mkundulu",NA,"Msikitini",NA,NA,NA,NA,"Mkundulu kati",NA,NA,NA,1,NA,NA,"non_functional",7,"I dont know","functional",NA,NA,NA,NA,NA,NA,NA,NA,NA,NA,NA,NA,NA,"v9"
"22","Dodoma","Kondoa","Bumbuta","Mkundulu",NA,"Centre",NA,NA,NA,NA,"Mkundulu kati",NA,NA,NA,1,NA,NA,"non_functional",5,NA,"functional",NA,NA,NA,NA,NA,NA,NA,NA,NA,NA,NA,NA,NA,"v9"
"23","Dodoma","Kondoa","Bumbuta","Mkundulu",NA,"Mbugani",NA,NA,NA,NA,"Mkundulu kati",NA,NA,NA,1,NA,NA,"non_functional",7,"Depriciation","non_functional","7","Depriciation",NA,NA,NA,NA,NA,NA,NA,NA,NA,NA,NA,"v9"
"24","Dodoma","Kondoa","Bumbuta","Mkundulu",NA,"Mgongo wa tembo",NA,NA,NA,NA,"Mkundulu kati",NA,NA,NA,1,NA,NA,"non_functional",7,"Depriciation","non_functional","7","Depriciation",NA,NA,NA,NA,NA,NA,NA,NA,NA,NA,NA,"v9"
"25","Dodoma","Chemba","Chemba","Kambi ya Nyasa",NA,"Bombani",NA,NA,NA,NA,"Kambi ya Nyasa",NA,NA,NA,0,"Bombani water point is in Kambi ya Nyasa village which was reported as a sub village instead of a village.",NA,NA,NA,NA,"functional",NA,NA,"Don't know",NA,NA,NA,NA,NA,NA,NA,NA,NA,NA,"v9"
"26","Dodoma","Chemba","Chemba","Kambi ya Nyasa",NA,"Shuleni",NA,NA,NA,NA,"Morongia",NA,NA,NA,0,"Shuleni water point is in Kambi ya Nyasa village that was reported as a sub village instead of a village.",NA,NA,NA,NA,"functional",NA,NA,"Don't know",NA,NA,NA,NA,NA,NA,NA,NA,NA,NA,"v9"
"27","Dodoma","Chemba","Chemba","Kambi ya Nyasa",NA,"Stendi",NA,NA,NA,NA,"Morongia",NA,NA,NA,0,"Stendi water point is in Kambi ya Nyasa village that was reported as a sub village instead of a village.",NA,NA,NA,NA,"functional",NA,NA,"Don't know",NA,NA,NA,NA,NA,NA,NA,NA,NA,NA,"v9"
"28","Dodoma","Chemba","Chemba","Kambi ya Nyasa",NA,"Ukristoni",NA,NA,NA,NA,"Morongia",NA,NA,NA,0,"Ukristoni sub village is in Kambi ya Nyasa village that was reported as a sub village instead of a village.",NA,NA,NA,NA,"functional",NA,NA,"Don't  know",NA,NA,NA,NA,NA,NA,NA,NA,NA,NA,"v9"
"82","Morogoro","Morogoro","Mvuha","Dala","Said Makulanga","Kwa_Mkono",NA,"Kwa_Mkono",NA,NA,NA,"Kibana",NA,NA,1,NA,NA,"non_functional",5,NA,"non_functional","6",NA,NA,NA,NA,NA,NA,NA,NA,NA,NA,NA,NA,"v10"
"83","Morogoro","Morogoro","Mvuha","Dala","Said Makulanga","Kwa mapipa",NA,NA,"Kwa mapipa",NA,NA,"Kirengezi",NA,NA,0,"Misreporting",NA,NA,NA,NA,"functional",NA,NA,NA,NA,NA,NA,NA,NA,NA,NA,NA,NA,NA,"v10"
"84","Morogoro","Morogoro","Mvuha","Dala","Said Makulanga","Kwa_Mzee_John",NA,"Kwa_Mzee_John",NA,NA,NA,"Kirengezi",NA,NA,1,NA,NA,"functional",NA,NA,"non_functional","6",NA,NA,NA,"9/1/2016",NA,NA,NA,NA,NA,NA,NA,NA,"v10"
"85","Morogoro","Morogoro","Mvuha","Dala","Said Makulanga","Kwa_Mzee_John_Roman",NA,"Kwa_Mzee_John_Roman",NA,NA,NA,"Kirengezi",NA,NA,1,NA,NA,"non_functional",5,NA,"non_functional","6",NA,NA,NA,NA,NA,NA,NA,NA,NA,NA,NA,NA,"v10"
"86","Morogoro","Morogoro","Mvuha","Dala","Said Makulanga","Kwa deho",NA,NA,"Kwa deho",NA,NA,"Kibana",NA,NA,0,"Misrecording",NA,NA,NA,NA,"functional",NA,NA,NA,NA,NA,NA,NA,NA,NA,NA,NA,NA,NA,"v10"
"87","Morogoro","Morogoro","Mvuha","Dala","Said Makulanga","Kwa_Mzee_Lukinga",NA,"Kwa_Mzee_Lukinga",NA,NA,NA,"Kibana",NA,NA,1,NA,NA,"functional",NA,NA,"functional",NA,NA,NA,NA,NA,NA,NA,NA,NA,NA,NA,NA,NA,"v10"
"88","Morogoro","Morogoro","Mvuha","Dala","Said Makulanga","Kwa_Zingizi",NA,"Kwa_Zingizi",NA,NA,NA,"Kibana",NA,NA,1,NA,NA,"non_functional",5,NA,"non_functional","6",NA,NA,NA,NA,NA,NA,NA,NA,NA,NA,NA,NA,"v10"
"89","Morogoro","Morogoro","Mvuha","Dala","Said Makulanga","Chambugu",NA,NA,"Chambugu",NA,NA,"Ngagama",NA,NA,0,"Misreporting",NA,NA,NA,NA,"non_functional","6",NA,NA,NA,NA,NA,NA,NA,NA,NA,NA,NA,NA,"v10"
"90","Morogoro","Morogoro","Mvuha","Dala","Said Makulanga","Kwa masikio",NA,NA,"Kwa masikio",NA,NA,"Ngagama",NA,NA,0,"Misreporting",NA,NA,NA,NA,"functional",NA,NA,NA,NA,NA,NA,NA,NA,NA,NA,NA,NA,NA,"v10"
"91","Morogoro","Morogoro","Mvuha","Dala","Said Makulanga","Kwa_Mzee_Maleta",NA,"Kwa_Mzee_Maleta",NA,NA,NA,"Ngagama",NA,NA,1,NA,NA,"non_functional",2,NA,"functional",NA,NA,NA,NA,NA,NA,NA,"9/1/2016",NA,NA,NA,NA,NA,"v10"
"92","Morogoro","Morogoro","Mvuha","Dala","Said Makulanga","Kwa vugalo",NA,NA,"Kwa vugalo",NA,NA,NA,"Kidimu",NA,0,"Misreporting",NA,NA,NA,NA,"non_functional","6",NA,NA,NA,NA,NA,NA,NA,NA,NA,NA,NA,NA,"v10"
"93","Morogoro","Morogoro","Mvuha","Dala","Said Makulanga","Polisi",NA,NA,"Polisi",NA,NA,NA,"Kota",NA,0,"Misreporting",NA,NA,NA,NA,"functional",NA,NA,NA,NA,NA,NA,NA,NA,NA,NA,NA,NA,NA,"v10"
"97","Dodoma","Kondoa","Kwadelo","Kwadelo",NA,"Zahanati",NA,NA,"Zahanati",NA,NA,NA,"Mjini",NA,1,NA,NA,"functional",NA,NA,"functional",NA,NA,NA,NA,NA,NA,NA,NA,NA,NA,NA,NA,NA,"v10"
"98","Dodoma","Kondoa","Kwadelo","Kwadelo",NA,"Kwa mbunyi",NA,NA,"Kwa mbunyi",NA,NA,NA,"Mjini",NA,1,NA,NA,"functional",NA,NA,"functional",NA,NA,NA,NA,NA,NA,NA,NA,NA,NA,NA,NA,NA,"v10"
"99","Dodoma","Kondoa","Kwadelo","Kwadelo",NA,"Msikiti wa mjini",NA,NA,"Msikiti wa mjini",NA,NA,NA,"Mjini",NA,1,NA,NA,"non_functional",6,"Depriciation","functional",NA,NA,NA,NA,NA,NA,NA,"7/1/2016",NA,NA,NA,NA,NA,"v10"
"100","Dodoma","Kondoa","Kwadelo","Kwadelo",NA,"Msikiti wa Answari",NA,NA,"Msikiti wa Answari",NA,NA,NA,"Mjini",NA,1,NA,NA,"non_functional",7,NA,"functional",NA,NA,NA,NA,NA,NA,NA,"7/1/2016",NA,NA,NA,NA,NA,"v10"
"101","Dodoma","Kondoa","Kwadelo","Kwadelo",NA,"Umboja Karo",NA,NA,"Umboja Karo",NA,NA,NA,"Umboja",NA,1,NA,NA,"functional",NA,NA,"functional",NA,NA,NA,NA,NA,NA,NA,NA,NA,NA,NA,NA,NA,"v10"
"102","Dodoma","Kondoa","Kwadelo","Kwadelo",NA,"Kwa Mariva",NA,NA,"Kwa Mariva",NA,NA,NA,"Umboja",NA,1,NA,NA,"functional",NA,NA,"functional",NA,NA,NA,NA,NA,NA,NA,NA,NA,NA,NA,NA,NA,"v10"
"103","Dodoma","Kondoa","Kwadelo","Kwadelo",NA,"Msikiti wa Umboja",NA,NA,"Msikiti wa Umboja",NA,NA,NA,"Umboja",NA,0,"Misscounting",NA,NA,NA,NA,"functional",NA,NA,NA,NA,NA,NA,NA,NA,NA,NA,NA,NA,NA,"v10"
"104","Dodoma","Kondoa","Kwadelo","Kwadelo",NA,"Shule ya Sekondari",NA,NA,"Shule ya Sekondari",NA,NA,NA,"Umboja",NA,1,NA,NA,"functional",NA,NA,"functional",NA,NA,NA,NA,NA,NA,NA,NA,NA,NA,NA,NA,NA,"v10"
"105","Dodoma","Kondoa","Kwadelo","Kwadelo",NA,"Kwa Ijumaa Iwodya",NA,NA,"Kwa Ijumaa Iwodya",NA,NA,NA,"Umboja",NA,1,NA,NA,"functional",NA,NA,"non_functional","7","Depreciation of some parts of the supplying system and pump",NA,NA,"8/1/2016","Wearing and tearing of some parts",NA,NA,NA,NA,NA,NA,NA,"v10"
"106","Dodoma","Kondoa","Kwadelo","Kwadelo",NA,"Shule ya Msingi",NA,NA,"Shule ya Msingi",NA,NA,NA,"Serya",NA,1,NA,NA,"functional",NA,NA,"functional",NA,NA,NA,NA,NA,NA,NA,NA,NA,NA,NA,NA,NA,"v10"
"107","Dodoma","Kondoa","Kwadelo","Kwadelo",NA,"Msikiti wa Serya",NA,NA,"Msikiti wa Serya",NA,NA,NA,"Serya",NA,1,NA,NA,"functional",NA,NA,"functional",NA,NA,NA,NA,NA,NA,NA,NA,NA,NA,NA,NA,NA,"v10"
"108","Dodoma","Kondoa","Bumbuta","Bumbuta",NA,"Shule ya msingi",NA,NA,"Shule ya msingi",NA,NA,NA,"Sinjo",NA,1,NA,NA,"functional",NA,NA,"non_functional","4",NA,NA,NA,"8/1/2016","Supplying pipes leaking",NA,NA,NA,NA,NA,NA,NA,"v10"
"109","Dodoma","Kondoa","Bumbuta","Bumbuta",NA,"Kwa omari",NA,NA,"Kwa omari",NA,NA,NA,"Sinjo",NA,0,"Misscounting",NA,NA,NA,NA,"non_functional","5 8",NA,NA,NA,NA,NA,NA,NA,NA,NA,NA,NA,NA,"v10"
"110","Dodoma","Kondoa","Bumbuta","Bumbuta",NA,"Kwa msepwa",NA,NA,"Kwa msepwa",NA,NA,NA,"Gubali",NA,1,NA,NA,"functional",NA,NA,"non_functional","5",NA,NA,NA,"7/1/2016","Supplying pipelines broken and leaking",NA,NA,NA,NA,NA,NA,NA,"v10"
"111","Dodoma","Kondoa","Bumbuta","Bumbuta",NA,"Kwa Iluja",NA,NA,"Kwa Iluja",NA,NA,NA,"Bumbuta A",NA,1,NA,NA,"functional",NA,NA,"non_functional","5 10",NA,NA,NA,"7/1/2016","Pipeline broken ",NA,NA,NA,NA,NA,NA,NA,"v10"
"112","Dodoma","Kondoa","Bumbuta","Bumbuta",NA,"Bumbuta kati",NA,NA,"Bumbuta kati",NA,NA,NA,"Main pipe leaking",NA,1,NA,NA,"functional",NA,NA,"non_functional","4 5",NA,NA,NA,"7/1/2016","Supplying pipes leaking",NA,NA,NA,NA,NA,NA,NA,"v10"
"132","Morogoro","Morogoro","Selembala","Kiganila","Jesca Mdemwa","Kwa_Mzee_Nkwama",NA,"Kwa_Mzee_Nkwama",NA,NA,NA,"Chankwama",NA,NA,1,NA,NA,"non_functional",2,NA,"functional",NA,NA,"LGA",NA,NA,NA,NA,"8/1/2016",NA,NA,NA,NA,NA,"v10"
"133","Morogoro","Morogoro","Selembala","Kiganila","Jesca Mdemwa","Kwa_Mzee_Kusa",NA,"Kwa_Mzee_Kusa",NA,NA,NA,"Kwakusa",NA,NA,1,NA,NA,"non_functional",6,"No pump","non_functional","7","No pump","LGA",NA,NA,NA,NA,NA,NA,NA,NA,NA,NA,"v10"
"134","Morogoro","Morogoro","Selembala","Kiganila","Jesca Mdemwa","Kwa_Mzee_Mwinyigoha",NA,"Kwa_Mzee_Mwinyigoha",NA,NA,NA,"Mgoto",NA,NA,1,NA,NA,"non_functional",6,"No pump","non_functional","7","No pump","LGA",NA,NA,NA,NA,NA,NA,NA,NA,NA,NA,"v10"
"135","Morogoro","Morogoro","Selembala","Kiganila","Jesca Mdemwa","Shuleni",NA,"Shuleni",NA,NA,NA,"Mgoto",NA,NA,1,NA,NA,"non_functional",6,"No pump","non_functional","7","No pump","LGA",NA,NA,NA,NA,NA,NA,NA,NA,NA,NA,"v10"
"136","Morogoro","Morogoro","Selembala","Kiganila","Jesca Mdemwa","Kwa_Biti_Gudi",NA,"Kwa_Biti_Gudi",NA,NA,NA,"Ung'Ambani",NA,NA,1,NA,NA,"functional",NA,NA,"functional",NA,NA,"LGA",NA,NA,NA,NA,NA,NA,NA,NA,NA,NA,"v10"
"137","Morogoro","Morogoro","Selembala","Kiganila","Jesca Mdemwa","Kwa mzee Kwapi",NA,NA,"Kwa mzee Kwapi",NA,NA,"Kwakusa",NA,NA,0,"Misreported",NA,NA,NA,NA,"non_functional","7","No pump","LGA",NA,NA,NA,NA,NA,NA,NA,NA,NA,NA,"v10"
"138","Morogoro","Morogoro","Selembala","Kiganila","Jesca Mdemwa","Kwa mzeeMkopi",NA,NA,"Kwa mzeeMkopi",NA,NA,NA,"Diha",NA,0,"Mis reporting",NA,NA,NA,NA,"non_functional","7","No water","LGA",NA,NA,NA,NA,NA,NA,NA,NA,NA,NA,"v10"
"233","Morogoro","Morogoro","Mvuha","Tulo","Joachim Nyingo","Kwa_Mzee_Mtalimbo",NA,"Kwa_Mzee_Mtalimbo",NA,NA,NA,"Dova",NA,NA,1,NA,NA,"non_functional",6,"Infrastructes","non_functional","7","Infrastructure",NA,NA,NA,NA,NA,NA,NA,NA,NA,NA,NA,"v10"
"234","Morogoro","Morogoro","Mvuha","Tulo","Joachim Nyingo","Kwa_Mzee_Papilo",NA,"Kwa_Mzee_Papilo",NA,NA,NA,"Vundumu",NA,NA,1,NA,NA,"functional",NA,NA,"functional",NA,NA,NA,NA,NA,NA,NA,NA,NA,NA,NA,NA,NA,"v10"
"250","Dodoma","Kondoa","Soera","Humai",NA,"Isabe maziwani",NA,NA,"Isabe maziwani",NA,NA,NA,"Isabe maziwani",NA,0,"Never enquired to ptovide the report",NA,NA,NA,NA,"non_functional","7","Depriciation",NA,NA,NA,NA,NA,NA,NA,NA,NA,NA,NA,"v10"
"252","Dodoma","Kondoa","Soera","Bukulu",NA,"Stendi Alagwa (kwa Idd Issa)",NA,NA,"Stendi Alagwa (kwa Idd Issa)",NA,NA,NA,"Alagwa",NA,1,NA,NA,"non_functional",3,NA,"non_functional","12 7","Pumps out of order, depriciation",NA,NA,NA,NA,NA,NA,NA,NA,NA,NA,NA,"v10"
"253","Dodoma","Kondoa","Soera","Bukulu",NA,"Kwa Boi (Msikitini)",NA,NA,"Kwa Boi (Msikitini)",NA,NA,NA,"Alagwa",NA,1,NA,NA,"non_functional",6,"Dont know","non_functional","7","Dont know",NA,NA,NA,NA,NA,NA,NA,NA,NA,NA,NA,"v10"
"254","Dodoma","Kondoa","Soera","Bukulu",NA,"Kwa Boki (Aragasi)",NA,NA,"Kwa Boki (Aragasi)",NA,NA,NA,"Alagwa",NA,1,NA,NA,"non_functional",6,"Infrastructures out of order","non_functional","6 10 7","Depriciation",NA,NA,NA,NA,NA,NA,NA,NA,NA,NA,NA,"v10"
"255","Dodoma","Kondoa","Soera","Bukulu",NA,"Kwa mzee Hussein (Hussein Lay)",NA,NA,"Kwa mzee Hussein (Hussein Lay)",NA,NA,NA,"Alagwa",NA,1,NA,NA,"non_functional",4,NA,"non_functional","9 7","Supplying pipes broken",NA,NA,NA,NA,NA,NA,NA,NA,NA,NA,NA,"v10"
"256","Dodoma","Kondoa","Soera","Bukulu",NA,"Kwa Martin (kwa Khams Ally)",NA,NA,"Kwa Martin (kwa Khams Ally)",NA,NA,NA,"Kambi ya Fisi",NA,1,NA,NA,"functional",NA,NA,"functional",NA,NA,NA,NA,NA,NA,NA,NA,NA,NA,NA,NA,NA,"v10"
"257","Dodoma","Kondoa","Soera","Bukulu",NA,"Kwa Hamadi",NA,NA,"Kwa Hamadi",NA,NA,NA,"Kambi ya Fisi",NA,1,NA,NA,"functional",NA,NA,"functional",NA,NA,NA,NA,NA,NA,NA,NA,NA,NA,NA,NA,NA,"v10"
"258","Dodoma","Kondoa","Soera","Bukulu",NA,"Shule ya sekondari A",NA,NA,"Shule ya sekondari A",NA,NA,NA,"Kambi ya fisi",NA,1,NA,NA,"functional",NA,NA,"functional",NA,NA,NA,NA,NA,NA,NA,NA,NA,NA,NA,NA,NA,"v10"
"259","Dodoma","Kondoa","Soera","Bukulu",NA,"Shule ya sekondari B ",NA,NA,"Shule ya sekondari B ",NA,NA,NA,"Kambi ya Fisi",NA,1,NA,NA,"functional",NA,NA,"non_functional","6",NA,NA,NA,"7/1/2016","Hand pump broken",NA,NA,NA,NA,NA,NA,NA,"v10"
"260","Dodoma","Kondoa","Soera","Bukulu",NA,"Kwa Chungi",NA,NA,"Kwa Chungi",NA,NA,NA,"Bukulu A",NA,1,NA,NA,"functional",NA,NA,"functional",NA,NA,NA,NA,NA,NA,NA,NA,NA,NA,NA,NA,NA,"v10"
"261","Dodoma","Kondoa","Soera","Bukulu",NA,"Kwahay (kwa Nyerere Gau)",NA,NA,"Kwahay (kwa Nyerere Gau)",NA,NA,NA,"Bukulu A",NA,1,NA,NA,"functional",NA,NA,"non_functional","7","Supplying pump block",NA,NA,"7/1/2016","Water doesnt reach the point",NA,NA,NA,NA,NA,NA,NA,"v10"
"262","Dodoma","Kondoa","Soera","Bukulu",NA,"Zawiyani ",NA,NA,"Zawiyani ",NA,NA,NA,"Bukulu A",NA,1,NA,NA,"functional",NA,NA,"non_functional","7","Supplying pump blocked",NA,NA,"7/1/2016","Water does not reach the point",NA,NA,NA,NA,NA,NA,NA,"v10"
"263","Dodoma","Kondoa","Soera","Bukulu",NA,"Zahanati (Mskitini)",NA,NA,"Zahanati (Mskitini)",NA,NA,NA,"Bukulu A",NA,1,NA,NA,"functional",NA,NA,"functional",NA,NA,NA,NA,NA,NA,NA,NA,NA,NA,NA,NA,NA,"v10"
"264","Dodoma","Kondoa","Soera","Bukulu",NA,"Stendi Bukulu B (Haruna Happy)",NA,NA,"Stendi Bukulu B (Haruna Happy)",NA,NA,NA,"Bukulu B",NA,1,NA,NA,"non_functional",6,"Dont know","non_functional","7","Water does not reach the point","TASAF",NA,NA,NA,NA,NA,NA,NA,NA,NA,NA,"v10"
"265","Dodoma","Kondoa","Soera","Bukulu",NA,"Mnadani",NA,NA,"Mnadani",NA,NA,NA,"Bukulu B",NA,1,NA,NA,"non_functional",6,"Technical problem water does not flow","non_functional","7","Technical problem water doesnt flow to the point","TASAF",NA,NA,NA,NA,NA,NA,NA,NA,NA,NA,"v10"
"266","Dodoma","Kondoa","Soera","Bukulu",NA,"Bukulu B (Kwa Vicent Gulo)",NA,NA,"Bukulu B (Kwa Vicent Gulo)",NA,NA,NA,"Bukulu B",NA,1,NA,NA,"functional",NA,NA,"functional",NA,NA,"TASAF",NA,NA,NA,NA,NA,NA,NA,NA,NA,NA,"v10"
"267","Dodoma","Kondoa","Soera","Bukulu",NA,"Msikitini",NA,NA,"Msikitini",NA,NA,NA,"Bukulu B",NA,1,NA,NA,"non_functional",6,"Dont know","functional",NA,NA,NA,NA,NA,NA,NA,"7/1/2016",NA,NA,NA,NA,NA,"v10"
"268","Dodoma","Kondoa","Soera","Soera",NA,"Kwa Labay Keya",NA,NA,"Kwa Labay Keya",NA,NA,NA,"Soera Kati",NA,1,NA,NA,"functional",NA,NA,"functional",NA,NA,"World Bank",NA,NA,NA,NA,NA,NA,NA,NA,NA,NA,"v10"
"269","Dodoma","Kondoa","Soera","Soera",NA,"Mskitini (kwa Mora)",NA,NA,"Mskitini (kwa Mora)",NA,NA,NA,"Soera kati",NA,1,NA,NA,"functional",NA,NA,"functional",NA,NA,NA,NA,NA,NA,NA,NA,NA,NA,NA,NA,NA,"v10"
"270","Dodoma","Kondoa","Soera","Soera",NA,"Mskitini",NA,NA,"Mskitini",NA,NA,NA,"Maramandimo",NA,1,NA,NA,"functional",NA,NA,"functional",NA,NA,NA,NA,NA,NA,NA,NA,NA,NA,NA,NA,NA,"v10"
"271","Dodoma","Kondoa","Soera","Soera",NA,"Kwa simpi",NA,NA,"Kwa simpi",NA,NA,NA,"Maramandimo",NA,1,NA,NA,"functional",NA,NA,"functional",NA,NA,NA,NA,NA,NA,NA,NA,NA,NA,NA,NA,NA,"v10"
"272","Dodoma","Kondoa","Soera","Soera",NA,"Madina (kwa Haruna Juma)",NA,NA,"Madina (kwa Haruna Juma)",NA,NA,NA,"Madina",NA,1,NA,NA,"functional",NA,NA,"functional",NA,NA,NA,NA,NA,NA,NA,NA,NA,NA,NA,NA,NA,"v10"
"273","Dodoma","Kondoa","Soera","Soera",NA,"Shuleni (kwa Ally Bura)",NA,NA,"Shuleni (kwa Ally Bura)",NA,NA,NA,"Kwa pinga ",NA,1,NA,NA,"functional",NA,NA,"functional",NA,NA,NA,NA,NA,NA,NA,NA,NA,NA,NA,NA,NA,"v10"
"274","Dodoma","Kondoa","Soera","Soera",NA,"Mbugani",NA,NA,"Mbugani",NA,NA,NA,"Kwa Pinga",NA,0,"Misscounting/reporting",NA,NA,NA,NA,"non_functional","12 7","Technical infrastructural problem",NA,NA,NA,NA,NA,NA,NA,NA,NA,NA,NA,"v10"
"277","Morogoro","Morogoro","Selembala","Bwila Chini","Ally Kizinga","Mtoni",NA,"Mtoni",NA,NA,NA,"Vikonge",NA,NA,1,NA,NA,"non_functional",6,"Tap stolen","non_functional","7","Tap stolen",NA,NA,NA,NA,NA,NA,NA,NA,NA,NA,NA,"v10"
"278","Morogoro","Morogoro","Selembala","Bwila Chini","Ally Kizinga","Kwa_Mzee_Kibuhile",NA,"Kwa_Mzee_Kibuhile",NA,NA,NA,"Kwa Nyagongo",NA,NA,1,NA,NA,"non_functional",6,"Don't know","functional",NA,NA,NA,NA,NA,NA,NA,"9/1/2016",NA,NA,NA,NA,NA,"v10"
"279","Morogoro","Morogoro","Selembala","Bwila Chini","Ally Kizinga","Kwa_Nyagongo",NA,"Kwa_Nyagongo",NA,NA,NA,"Kwa Nyagongo",NA,NA,1,NA,NA,"functional",NA,NA,"functional",NA,NA,NA,NA,NA,NA,NA,NA,NA,NA,NA,NA,NA,"v10"
"280","Morogoro","Morogoro","Selembala","Bwila Chini","Ally Kizinga","Kwa_Mzee_Dinongo",NA,"Kwa_Mzee_Dinongo",NA,NA,NA,"Kariakoo",NA,NA,1,NA,NA,"functional",NA,NA,"functional",NA,NA,NA,NA,NA,NA,NA,NA,NA,NA,NA,NA,NA,"v10"
"281","Morogoro","Morogoro","Selembala","Bwila Chini","Ally Kizinga","Kwa_Mzee_Mkanga",NA,"Kwa_Mzee_Mkanga",NA,NA,NA,"Kariakoo",NA,NA,1,NA,NA,"functional",NA,NA,"functional",NA,NA,NA,NA,NA,NA,NA,NA,NA,NA,NA,NA,NA,"v10"
"282","Morogoro","Morogoro","Selembala","Bwila Chini","Ally Kizinga","Kwa_Mzee_Tupa",NA,"Kwa_Mzee_Tupa",NA,NA,NA,"Kwa Tupa",NA,NA,1,NA,NA,"non_functional",1,NA,"non_functional","1",NA,NA,NA,NA,NA,NA,NA,NA,NA,NA,NA,NA,"v10"
"283","Morogoro","Morogoro","Selembala","Bwila Chini","Ally Kizinga","Kwa_Mzee_Kizinga",NA,"Kwa_Mzee_Kizinga",NA,NA,NA,"Kwa Wagonzi",NA,NA,1,NA,NA,"functional",NA,NA,"functional",NA,NA,NA,NA,NA,NA,NA,NA,NA,NA,NA,NA,NA,"v10"
"284","Morogoro","Morogoro","Selembala","Bwila Chini","Ally Kizinga","Shuleni",NA,NA,"Shuleni",NA,NA,NA,"Kwa mnambala",NA,0,"Don't know",NA,NA,NA,NA,"functional",NA,NA,NA,NA,NA,NA,NA,NA,NA,NA,NA,NA,NA,"v10"
"297","Dodoma","Chemba","Chemba","Pangalua",NA,"Shuleni",NA,NA,"Shuleni",NA,NA,NA,"Amani",NA,1,NA,NA,"non_functional",9,NA,"functional",NA,NA,"DSF",NA,NA,NA,NA,"9/1/2016","Don't know",NA,NA,NA,NA,"v10"
"298","Dodoma","Chemba","Chemba","Pangalua",NA,"Kimoro",NA,NA,"Kimoro",NA,NA,NA,"Amani",NA,0,"Misreported.",NA,NA,NA,NA,"functional",NA,NA,"DSF",NA,NA,NA,NA,NA,NA,NA,NA,NA,NA,"v10"
"299","Dodoma","Chemba","Chemba","Pangalua",NA,"Kijiweni",NA,NA,"Kijiweni",NA,NA,NA,"Muungano",NA,1,NA,NA,"non_functional",8,NA,"non_functional","9",NA,"DSF",NA,NA,NA,NA,NA,NA,NA,NA,NA,NA,"v10"
"300","Dodoma","Chemba","Chemba","Pangalua",NA,"Kanisani",NA,NA,"Kanisani",NA,NA,NA,"Muungano",NA,1,NA,NA,"non_functional",8,NA,"functional",NA,NA,"DSF",NA,NA,NA,NA,"8/1/2016","Don't know",NA,NA,NA,NA,"v10"
"301","Dodoma","Chemba","Chemba","Pangalua",NA,"Mwenyekiti",NA,NA,"Mwenyekiti",NA,NA,NA,"Muungano",NA,1,NA,NA,"functional",NA,NA,"functional",NA,NA,"DSF",NA,NA,NA,NA,NA,NA,NA,NA,NA,NA,"v10"
"310","Morogoro","Morogoro","Mvuha","Mvuha","Fransis John Mande","Kwa mwenyekiti wa kitongoji",NA,NA,"Kwa mwenyekiti wa kitongoji",NA,NA,NA,"Sangasanga",NA,0,"Don't know",NA,NA,NA,NA,"non_functional","1",NA,"LGA",NA,NA,NA,NA,NA,NA,NA,NA,NA,NA,"v10"
"311","Morogoro","Morogoro","Mvuha","Mvuha","Fransis John Mande","Kwa kimelo",NA,NA,"Kwa kimelo",NA,NA,"Kimelo",NA,NA,0,"Don't know",NA,NA,NA,NA,"non_functional","1",NA,"LGA",NA,NA,NA,NA,NA,NA,NA,NA,NA,NA,"v10"
"312","Morogoro","Morogoro","Mvuha","Mvuha","Fransis John Mande","Msufini",NA,NA,"Msufini",NA,NA,"Balani",NA,NA,0,"Don't know",NA,NA,NA,NA,"functional",NA,NA,"LGA",NA,NA,NA,NA,NA,NA,NA,NA,NA,NA,"v10"
"313","Morogoro","Morogoro","Mvuha","Mvuha","Fransis John Mande","Kwa diwani",NA,NA,"Kwa diwani",NA,NA,"Balani",NA,NA,0,"Don'tknow",NA,NA,NA,NA,"non_functional","1",NA,"LGA",NA,NA,NA,NA,NA,NA,NA,NA,NA,NA,"v10"
"314","Morogoro","Morogoro","Mvuha","Mvuha","Fransis John Mande","Shuleni mvuha",NA,NA,"Shuleni mvuha",NA,NA,"Balani",NA,NA,1,NA,NA,"non_functional",1,NA,"non_functional","1",NA,"LGA",NA,NA,NA,NA,NA,NA,NA,NA,NA,NA,"v10"
"315","Morogoro","Morogoro","Mvuha","Mvuha","Fransis John Mande","Porini",NA,NA,"Porini",NA,NA,"Changarawe",NA,NA,0,"Don't know",NA,NA,NA,NA,"non_functional","1",NA,"LGA",NA,NA,NA,NA,NA,NA,NA,NA,NA,NA,"v10"
"316","Morogoro","Morogoro","Mvuha","Mvuha","Fransis John Mande","Kwa fatuma",NA,NA,"Kwa fatuma",NA,NA,"Changarawe",NA,NA,0,"Don't know",NA,NA,NA,NA,"non_functional","1",NA,"LGA",NA,NA,NA,NA,NA,NA,NA,NA,NA,NA,"v10"
"317","Morogoro","Morogoro","Mvuha","Mvuha","Fransis John Mande","Kwa asha",NA,NA,"Kwa asha",NA,NA,"Kiwalani",NA,NA,0,"Don't know",NA,NA,NA,NA,"non_functional","1",NA,"LGA",NA,NA,NA,NA,NA,NA,NA,NA,NA,NA,"v10"
"318","Morogoro","Morogoro","Mvuha","Lukulunge","Omary Kwapu","Kwa_Mzee_Sudi",NA,"Kwa_Mzee_Sudi",NA,NA,NA,"Lukulunge",NA,NA,1,NA,NA,"functional",NA,NA,"functional",NA,NA,NA,NA,NA,NA,NA,NA,NA,NA,NA,NA,NA,"v10"
"319","Morogoro","Morogoro","Mvuha","Lukulunge","Omary Kwapu","Kwa_Mzee_Simulizi",NA,"Kwa_Mzee_Simulizi",NA,NA,NA,"Mwembe",NA,NA,1,NA,NA,"functional",NA,NA,"functional",NA,NA,NA,NA,NA,NA,NA,NA,NA,NA,NA,NA,NA,"v10"
"320","Morogoro","Morogoro","Mvuha","Msonge","Wilbert Lweyo","Kwa zainabu",NA,NA,"Kwa zainabu",NA,NA,NA,"Mwina",NA,0,"Don'know",NA,NA,NA,NA,"functional",NA,NA,NA,NA,NA,NA,NA,NA,NA,NA,NA,NA,NA,"v10"
"321","Morogoro","Morogoro","Mvuha","Msonge","Wilbert Lweyo","Kwa Ramadhani",NA,NA,"Kwa Ramadhani",NA,NA,NA,"Mwina",NA,0,"Don't know",NA,NA,NA,NA,"functional",NA,NA,NA,NA,NA,NA,NA,NA,NA,NA,NA,NA,NA,"v10"
"322","Morogoro","Morogoro","Mvuha","Msonge","Wilbert Lweyo","Kwa kibwana",NA,NA,"Kwa kibwana",NA,NA,NA,"Gombo",NA,0,"Don't know",NA,NA,NA,NA,"functional",NA,NA,NA,NA,NA,NA,NA,NA,NA,NA,NA,NA,NA,"v10"
"323","Morogoro","Morogoro","Mvuha","Msonge","Wilbert Lweyo","Kwa selestina",NA,NA,"Kwa selestina",NA,NA,NA,"Kilemela",NA,0,"Don't know",NA,NA,NA,NA,"functional",NA,NA,NA,NA,NA,NA,NA,NA,NA,NA,NA,NA,NA,"v10"
"324","Morogoro","Morogoro","Mvuha","Msonge","Wilbert Lweyo","Kwa Nguya",NA,NA,"Kwa Nguya",NA,NA,NA,"Maganga",NA,0,"Don't know",NA,NA,NA,NA,"functional",NA,NA,NA,NA,NA,NA,NA,NA,NA,NA,NA,NA,NA,"v10"
"325","Morogoro","Morogoro","Mvuha","Msonge","Wilbert Lweyo","KwaNzumari",NA,NA,"KwaNzumari",NA,NA,NA,"Maganga",NA,0,"Don't know",NA,NA,NA,NA,"functional",NA,NA,NA,NA,NA,NA,NA,NA,NA,NA,NA,NA,NA,"v10"
"326","Morogoro","Morogoro","Mvuha","Msonge","Wilbert Lweyo","Ofisini",NA,NA,"Ofisini",NA,NA,NA,"Maganga",NA,0,"Don't know",NA,NA,NA,NA,"non_functional","4",NA,NA,NA,NA,NA,NA,NA,NA,NA,NA,NA,NA,"v10"
"327","Morogoro","Morogoro","Mvuha","Msonge","Wilbert Lweyo","Kwa mzee Ngoma",NA,NA,"Kwa mzee Ngoma",NA,NA,NA,"Kongwa",NA,0,"Don't know",NA,NA,NA,NA,"functional",NA,NA,NA,NA,NA,NA,NA,NA,NA,NA,NA,NA,NA,"v10"
"328","Morogoro","Morogoro","Mvuha","Msonge","Wilbert Lweyo","Kwa_Mzee_Dilawa",NA,"Kwa_Mzee_Dilawa",NA,NA,NA,"Kidai",NA,NA,1,NA,NA,"non_functional",6,"Dont know","functional",NA,NA,NA,NA,NA,NA,NA,"7/1/2016",NA,NA,NA,NA,NA,"v10"
"329","Morogoro","Morogoro","Mvuha","Msonge","Wilbert Lweyo","Shuleni",NA,NA,"Shuleni",NA,NA,"Kidai",NA,NA,0,"Don't know",NA,NA,NA,NA,"functional",NA,NA,NA,NA,NA,NA,NA,NA,NA,NA,NA,NA,NA,"v10"
"330","Morogoro","Morogoro","Mvuha","Msonge","Wilbert Lweyo","Kwa joakim mponda",NA,NA,"Kwa joakim mponda",NA,NA,"Kidai",NA,NA,0,"Don't know",NA,NA,NA,NA,"functional",NA,NA,NA,NA,NA,NA,NA,NA,NA,NA,NA,NA,NA,"v10"
"331","Morogoro","Morogoro","Mvuha","Msonge","Wilbert Lweyo","Kwa_Mzee_Makoa",NA,"Kwa_Mzee_Makoa",NA,NA,NA,"Msonge",NA,NA,1,NA,NA,"functional",NA,NA,"functional",NA,NA,NA,NA,NA,NA,NA,NA,NA,NA,NA,NA,NA,"v10"
"332","Morogoro","Morogoro","Selembala","Bwila Juu","Jumanne Zuberi","Kwa mzee dimwe",NA,NA,"Kwa mzee dimwe",NA,NA,"Umoja",NA,NA,0,"Dont know",NA,NA,NA,NA,"functional",NA,NA,NA,NA,NA,NA,NA,NA,NA,NA,NA,NA,NA,"v10"
"333","Morogoro","Morogoro","Selembala","Bwila Juu","Jumanne Zuberi","Kwa_Mzee_Hondohondo",NA,"Kwa_Mzee_Hondohondo",NA,NA,NA,"Kibilo",NA,NA,1,NA,NA,"functional",NA,NA,"non_functional","4",NA,NA,NA,"7/1/2016","Pump broken",NA,NA,NA,NA,NA,NA,NA,"v10"
"334","Morogoro","Morogoro","Selembala","Bwila Juu","Jumanne Zuberi","Kwa_Mzee_Ufole",NA,"Kwa_Mzee_Ufole",NA,NA,NA,"Muhunzi",NA,NA,1,NA,NA,"functional",NA,NA,"functional",NA,NA,NA,NA,NA,NA,NA,NA,NA,NA,NA,NA,NA,"v10"
"335","Morogoro","Morogoro","Selembala","Bwila Juu","Jumanne Zuberi","Kwa gomba",NA,NA,"Kwa gomba",NA,NA,NA,"Kwa gomba",NA,0,"Don't know",NA,NA,NA,NA,"functional",NA,NA,NA,NA,NA,NA,NA,NA,NA,NA,NA,NA,NA,"v10"
"336","Morogoro","Morogoro","Selembala","Bwila Juu","Jumanne Zuberi","Kwa_Mzee_Kinzowela",NA,"Kwa_Mzee_Kinzowela",NA,NA,NA,"Songambele",NA,NA,1,NA,NA,"functional",NA,NA,"non_functional","6",NA,NA,NA,"9/1/2016",NA,NA,NA,NA,NA,NA,NA,NA,"v10"
"337","Morogoro","Morogoro","Selembala","Bwila Juu","Jumanne Zuberi","Kwa porojo",NA,NA,"Kwa porojo",NA,NA,"Songambele",NA,NA,0,"Don't know",NA,NA,NA,NA,"non_functional","6",NA,NA,NA,NA,NA,NA,NA,NA,NA,NA,NA,NA,"v10"
"341","Dodoma","Chemba","Chemba","Chemba","Issa P. Ramadhani","Bombani",NA,"Bombani",NA,NA,NA,"Bombani",NA,NA,1,NA,NA,"functional",NA,NA,"functional",NA,NA,"Dont know",NA,NA,NA,NA,NA,NA,NA,NA,NA,NA,"v10"
"342","Dodoma","Chemba","Chemba","Chemba","Issa P. Ramadhani","Kwamjungu",NA,"Kwamjungu",NA,NA,NA,"Shuleni",NA,NA,1,NA,NA,"non_functional",6,"Depreciation ","non_functional","7","Depreciation ","Don't know",NA,NA,NA,NA,NA,NA,NA,NA,NA,NA,"v10"
"343","Dodoma","Chemba","Chemba","Chemba","Issa P. Ramadhani","Kanisani",NA,"Kanisani",NA,NA,NA,"Gwaiba",NA,NA,1,NA,NA,"non_functional",6,"Depreciation ","non_functional","7","Depreciation ","Don't  know",NA,NA,NA,NA,NA,NA,NA,NA,NA,NA,"v10"
"344","Dodoma","Chemba","Chemba","Chemba","Issa P. Ramadhani","Mradini_House",NA,"Mradini_House",NA,NA,NA,"Gwaiba",NA,NA,1,NA,NA,"non_functional",6,"Depreciation ","non_functional","7","Depreciation ","Don't  know",NA,NA,NA,NA,NA,NA,NA,NA,NA,NA,"v10"
"345","Dodoma","Chemba","Chemba","Chemba","Issa P. Ramadhani","Mzee_Shaurimoyo",NA,"Mzee_Shaurimoyo",NA,NA,NA,"Gwaiba",NA,NA,1,NA,NA,"non_functional",6,"Depreciation ","non_functional","7","Depreciation ","Don't  know",NA,NA,NA,NA,NA,NA,NA,NA,NA,NA,"v10"
"346","Dodoma","Chemba","Chemba","Chemba","Issa P. Ramadhani","Bombani",NA,NA,"Bombani",NA,NA,"Bombani",NA,NA,1,NA,NA,"functional",NA,NA,"non_functional","5",NA,"Don't  know",NA,"8/1/2016","Mainpipe leaking",NA,NA,NA,NA,NA,NA,NA,"v10"
"347","Dodoma","Chemba","Chemba","Chemba","Issa P. Ramadhani","Bombani",NA,NA,"Bombani",NA,NA,"Bombani",NA,NA,1,NA,NA,"functional",NA,NA,"non_functional","5",NA,"Don't  know",NA,"8/1/2016","Mainpipe leaking",NA,NA,NA,NA,NA,NA,NA,"v10"
"348","Dodoma","Chemba","Chemba","Chemba","Issa P. Ramadhani","Kwa Sasuka",NA,NA,"Kwa Sasuka",NA,NA,"Shuleni",NA,NA,1,NA,NA,"non_functional",6,"Depreciation ","non_functional","7","Depreciation ","Don't know",NA,NA,NA,NA,NA,NA,NA,NA,NA,NA,"v10"
"349","Dodoma","Chemba","Chemba","Chemba","Issa P. Ramadhani","Kwa Mujungu",NA,NA,"Kwa Mujungu",NA,NA,"Shuleni",NA,NA,1,NA,NA,"non_functional",6,"Depreciation ","non_functional","7","Depreciation ","Don't know",NA,NA,NA,NA,NA,NA,NA,NA,NA,NA,"v10"
"350","Dodoma","Chemba","Chemba","Chemba","Issa P. Ramadhani","Kwa Mujungu",NA,NA,"Kwa Mujungu",NA,NA,"Shuleni",NA,NA,1,NA,NA,"non_functional",6,"Depreciation","non_functional","7","Depreciation","Don't know",NA,NA,NA,NA,NA,NA,NA,NA,NA,NA,"v10"
"351","Dodoma","Chemba","Chemba","Chemba","Issa P. Ramadhani","Kwa Dureri",NA,NA,"Kwa Dureri",NA,NA,"Gwaiba",NA,NA,1,NA,NA,"non_functional",6,"Depreciation ","non_functional","7","Depreciation ","Don't know",NA,NA,NA,NA,NA,NA,NA,NA,NA,NA,"v10"
"352","Dodoma","Chemba","Chemba","Chemba","Issa P. Ramadhani","Kwa Mujungu",NA,NA,"Kwa Mujungu",NA,NA,"Gwaiba",NA,NA,1,NA,NA,"non_functional",6,"Depreciation ","non_functional","7","Depreciation ","Don't know",NA,NA,NA,NA,NA,NA,NA,NA,NA,NA,"v10"
"353","Dodoma","Chemba","Chemba","Chemba","Issa P. Ramadhani","Sabaininga",NA,NA,"Sabaininga",NA,NA,"Gwaiba",NA,NA,1,NA,NA,"non_functional",6,"Depreciation ","non_functional","7","Depreciation ","Don't know",NA,NA,NA,NA,NA,NA,NA,NA,NA,NA,"v10"
"447","Dodoma","Chemba","Mrijo","Mrijo Chini","Yulita Kimolo","Zahanati",NA,"Zahanati",NA,NA,NA,"Polisi",NA,NA,1,NA,NA,"non_functional",6,"Don't know","functional",NA,NA,"BRA",NA,NA,NA,NA,"9/1/2016","Don't know",NA,NA,NA,NA,"v10"
"448","Dodoma","Chemba","Mrijo","Mrijo Chini","Yulita Kimolo","Godown",NA,NA,"Godown",NA,NA,"Polisi",NA,NA,0,"Miscounting",NA,NA,NA,NA,"functional",NA,NA,"BRA",NA,NA,NA,NA,NA,NA,NA,NA,NA,NA,"v10"
"449","Dodoma","Chemba","Mrijo","Mrijo Chini","Yulita Kimolo","Msikitini",NA,NA,"Msikitini",NA,NA,"Majengo",NA,NA,1,NA,NA,"non_functional",6,"Don't know","functional",NA,NA,"BRA",NA,NA,NA,NA,"9/1/2016","Don't  know",NA,NA,NA,NA,"v10"
"450","Dodoma","Chemba","Mrijo","Mrijo Chini","Yulita Kimolo","Mama Juma",NA,NA,"Mama Juma",NA,NA,"Majengo",NA,NA,0,"Miscounting",NA,NA,NA,NA,"functional",NA,NA,"BRA",NA,NA,NA,NA,NA,NA,NA,NA,NA,NA,"v10"
"451","Dodoma","Chemba","Mrijo","Mrijo Chini","Yulita Kimolo","Salim",NA,NA,"Salim",NA,NA,NA,"Chang'ombe A",NA,0,"It belong to a subvillage that was not reported",NA,NA,NA,NA,"functional",NA,NA,"BRA",NA,NA,NA,NA,NA,NA,NA,NA,NA,NA,"v10"
"452","Dodoma","Chemba","Mrijo","Mrijo Chini","Yulita Kimolo","Kwa Maige",NA,NA,"Kwa Maige",NA,NA,NA,"Chang'ombe A",NA,0,"It belong to a subvillage that was not reported",NA,NA,NA,NA,"functional",NA,NA,"BRA",NA,NA,NA,NA,NA,NA,NA,NA,NA,NA,"v10"
"453","Dodoma","Chemba","Mrijo","Mrijo Chini","Yulita Kimolo","Kwa Juma Nganyanga",NA,NA,"Kwa Juma Nganyanga",NA,NA,"Changombe B",NA,NA,1,NA,NA,"non_functional",6,"Don't know","functional",NA,NA,"BRA",NA,NA,NA,NA,"9/1/2016","Don't know",NA,NA,NA,NA,"v10"
"454","Dodoma","Chemba","Mrijo","Mrijo Chini","Yulita Kimolo","Kipara",NA,NA,"Kipara",NA,NA,"Changombe B",NA,NA,1,NA,NA,"non_functional",6,"Don't know","functional",NA,NA,"BRA",NA,NA,NA,NA,"9/1/2016","Don't know",NA,NA,NA,NA,"v10"
"455","Dodoma","Chemba","Mrijo","Mrijo Chini","Yulita Kimolo","Issa Ndee",NA,NA,"Issa Ndee",NA,NA,"Changombe B",NA,NA,0,"New water point",NA,NA,NA,NA,"functional",NA,NA,"BRA",NA,NA,NA,NA,NA,NA,NA,NA,NA,NA,"v10"
"457","Pwani","Kibaha","Magindu","Lukenge",NA,"Kwa omary nasoro",NA,NA,"Kwa omary nasoro",NA,NA,NA,"Mzizima",NA,0,"Don't know",NA,NA,NA,NA,"non_functional","7","Distance of water point from the water source",NA,NA,NA,NA,NA,NA,NA,NA,NA,NA,NA,"v10"
"458","Pwani","Kibaha","Magindu","Lukenge",NA,"Kwa mbegu",NA,NA,"Kwa mbegu",NA,NA,NA,"Kilung'ule",NA,0,"Mistake",NA,NA,NA,NA,"non_functional","7","Distance from main distributor",NA,NA,NA,NA,NA,NA,NA,NA,NA,NA,NA,"v10"
"459","Pwani","Kibaha","Magindu","Lukenge",NA,"Kwa Ally Masika",NA,NA,"Kwa Ally Masika",NA,NA,NA,"Kilung'ule",NA,0,"Mistake",NA,NA,NA,NA,"non_functional","7","Distance from source",NA,NA,NA,NA,NA,NA,NA,NA,NA,NA,NA,"v10"
"468","Dodoma","Chemba","Paranga","Paranga","Saidi Gau","Machineni",NA,"Machineni",NA,NA,NA,"Go Down",NA,NA,1,NA,NA,"functional",NA,NA,"non_functional","9",NA,"Don't know",NA,"9/1/1993","Distribution line breakdown",NA,NA,NA,NA,NA,NA,NA,"v10"
"469","Dodoma","Chemba","Paranga","Paranga","Saidi Gau","Tutani_Barabarani",NA,"Tutani_Barabarani",NA,NA,NA,"Go Down",NA,NA,1,NA,NA,"functional",NA,NA,"functional",NA,NA,"Don't know",NA,NA,NA,NA,NA,NA,NA,NA,NA,NA,"v10"
"470","Dodoma","Chemba","Paranga","Paranga","Saidi Gau","Msikitini",NA,NA,"Msikitini",NA,NA,"Go Down",NA,NA,0,"Miscounting",NA,NA,NA,NA,"non_functional","9",NA,"Don't know",NA,NA,NA,NA,NA,NA,NA,NA,NA,NA,"v10"
"471","Dodoma","Chemba","Paranga","Paranga","Saidi Gau","Kanisani",NA,NA,"Kanisani",NA,NA,"Go Down",NA,NA,0,"Miscounting",NA,NA,NA,NA,"non_functional","9",NA,"Don't know",NA,NA,NA,NA,NA,NA,NA,NA,NA,NA,"v10"
"472","Dodoma","Chemba","Paranga","Paranga","Saidi Gau","Kalenja",NA,NA,"Kalenja",NA,NA,NA,"Miembeni",NA,0,"Misreporting",NA,NA,NA,NA,"non_functional","9",NA,"Don't know",NA,NA,NA,NA,NA,NA,NA,NA,NA,NA,"v10"
"473","Dodoma","Chemba","Paranga","Paranga","Saidi Gau","Rashid Aima",NA,NA,"Rashid Aima",NA,NA,NA,"Miembeni",NA,0,"Misreporting",NA,NA,NA,NA,"non_functional","9",NA,"Don't know",NA,NA,NA,NA,NA,NA,NA,NA,NA,NA,"v10"
"474","Dodoma","Chemba","Paranga","Paranga","Saidi Gau","Kwa Mama Pendo",NA,NA,"Kwa Mama Pendo",NA,NA,NA,"Miembeni",NA,0,"Misreporting",NA,NA,NA,NA,"non_functional","9",NA,"Don't know",NA,NA,NA,NA,NA,NA,NA,NA,NA,NA,"v10"
"475","Dodoma","Chemba","Paranga","Paranga","Saidi Gau","Kwa William",NA,NA,"Kwa William",NA,NA,NA,"Miembeni",NA,0,"Misreporting",NA,NA,NA,NA,"non_functional","9",NA,"Don't know",NA,NA,NA,NA,NA,NA,NA,NA,NA,NA,"v10"
"476","Dodoma","Chemba","Paranga","Paranga","Saidi Gau","Shabani",NA,NA,"Shabani",NA,NA,"Go Down",NA,NA,0,"Miscounting",NA,NA,NA,NA,"non_functional","9",NA,"Don't know",NA,NA,NA,NA,NA,NA,NA,NA,NA,NA,"v10"
"531","Pwani","Kibaha","Ruvu","Kitomondo","Mwl. Alfred Luoga","Kwa_Kiyumbo_06023011061WP16_164","06023011061WP16_164",NA,NA,"Kwa_Kiyumbo_06023011061WP16_164",NA,NA,"Gumba",NA,1,NA,NA,"functional",NA,NA,"functional",NA,NA,"upper Ruvu",NA,NA,NA,NA,NA,NA,NA,38.60653,-6.86838,2,"v11"
"532","Pwani","Kibaha","Ruvu","Kitomondo","Mwl. Alfred Luoga","Muhanga_06023011061WP17_165","06023011061WP17_165",NA,NA,"Muhanga_06023011061WP17_165",NA,NA,"Gumba",NA,1,NA,NA,"functional",NA,NA,"functional",NA,NA,"upper Ruvu",NA,NA,NA,NA,NA,NA,NA,38.60906,-6.86625,2,"v11"
"533","Pwani","Kibaha","Ruvu","Kitomondo","Mwl. Alfred Luoga","Kwa_Kiruka_06023011061WP19_167","06023011061WP19_167",NA,NA,"Kwa_Kiruka_06023011061WP19_167",NA,"Kitomondo",NA,NA,1,NA,NA,"functional",NA,NA,"functional",NA,NA,"upper Ruvu",NA,NA,NA,NA,NA,NA,NA,38.61496,-6.86265,2,"v11"
"534","Pwani","Kibaha","Ruvu","Kitomondo","Mwl. Alfred Luoga","Shuleni_06023011061WP15_163","06023011061WP15_163",NA,NA,"Shuleni_06023011061WP15_163",NA,"Kitomondo",NA,NA,1,NA,NA,"functional",NA,NA,"non_functional","other","Pump not working","upper Ruvu",NA,"9/1/2016","other",NA,NA,NA,NA,38.60774,-6.8673,2,"v11"
"535","Pwani","Kibaha","Ruvu","Kitomondo","Mwl. Alfred Luoga","Matumbo",NA,NA,"Matumbo",NA,NA,"Kitomondo",NA,NA,0,"not_found_wPt",NA,NA,NA,NA,"functional",NA,NA,"upper Ruvu",NA,NA,NA,NA,NA,NA,NA,NA,NA,NA,"v11"
"536","Pwani","Kibaha","Ruvu","Kitomondo","Mwl. Alfred Luoga","Dede",NA,NA,"Dede",NA,NA,"Kitomondo",NA,NA,0,"not_found_wPt",NA,NA,NA,NA,"functional",NA,NA,"upper Ruvu",NA,NA,NA,NA,NA,NA,NA,NA,NA,NA,"v11"
"537","Pwani","Kibaha","Ruvu","Ruvu Station","Mwl. Amos E. Shayo","Sokoni_06023011061WP07_156","06023011061WP07_156",NA,NA,"Sokoni_06023011061WP07_156",NA,"Ruvu Mjini",NA,NA,1,NA,NA,"functional",NA,NA,"functional",NA,NA,"upper Ruvu",NA,NA,NA,NA,NA,NA,NA,38.65624,-6.80624,2,"v11"
"538","Pwani","Kibaha","Ruvu","Ruvu Station","Mwl. Amos E. Shayo","Mahakama_06023011061WP06_155","06023011061WP06_155",NA,NA,"Mahakama_06023011061WP06_155",NA,"Ruvu Mjini",NA,NA,1,NA,NA,"functional",NA,NA,"functional",NA,NA,"upper Ruvu",NA,NA,NA,NA,NA,NA,NA,38.65511,-6.80602,2,"v11"
"539","Pwani","Kibaha","Ruvu","Ruvu Station","Mwl. Amos E. Shayo","Ruvu_Sekondari_06023011061WP13_162","06023011061WP13_162",NA,NA,"Ruvu_Sekondari_06023011061WP13_162",NA,"Ruvu Mjini",NA,NA,1,NA,NA,"functional",NA,NA,"functional",NA,NA,"upper Ruvu",NA,NA,NA,NA,NA,NA,NA,38.65676,-6.81029,1,"v11"
"540","Pwani","Kibaha","Ruvu","Ruvu Station","Mwl. Amos E. Shayo","Chekechea_06023011061WP08_157","06023011061WP08_157",NA,NA,"Chekechea_06023011061WP08_157",NA,"Midizini",NA,NA,1,NA,NA,"functional",NA,NA,"non_functional","other","Machine not working","upper Ruvu",NA,"9/1/2016","other","Machine not working",NA,NA,NA,38.65776,-6.80649,1,"v11"
"541","Pwani","Kibaha","Ruvu","Ruvu Station","Mwl. Amos E. Shayo","Kwa_Urembo_06023011061WP11_160","06023011061WP11_160",NA,NA,"Kwa_Urembo_06023011061WP11_160",NA,"Midizini",NA,NA,1,NA,NA,"functional",NA,NA,"functional",NA,NA,"upper Ruvu",NA,NA,NA,NA,NA,NA,NA,38.65911,-6.80493,2,"v11"
"542","Pwani","Kibaha","Ruvu","Ruvu Station","Mwl. Amos E. Shayo","Madrasa_06023011061WP09_158","06023011061WP09_158",NA,NA,"Madrasa_06023011061WP09_158",NA,"Midizini",NA,NA,1,NA,NA,"functional",NA,NA,"non_functional","other","Machine not working","upper Ruvu",NA,"9/1/2016","other",NA,NA,NA,NA,38.65785,-6.80629,1,"v11"
"543","Pwani","Kibaha","Ruvu","Ruvu Station","Mwl. Amos E. Shayo","Mungai_06023011061WP10_159","06023011061WP10_159",NA,NA,"Mungai_06023011061WP10_159",NA,"Midizini",NA,NA,1,NA,NA,"functional",NA,NA,"non_functional","other","Machine not working","upper Ruvu",NA,"9/1/2016","other",NA,NA,NA,NA,38.65833,-6.806,1,"v11"
"544","Pwani","Kibaha","Ruvu","Minazi Mikinda","Yusuf A. Mzumeni","Kwa mgaza",NA,NA,"Kwa mgaza",NA,NA,NA,"Minazi mikinda",NA,0,"not_found_wPt",NA,NA,NA,NA,"non_functional","other","Infrastructure","upper Ruvu",NA,NA,NA,NA,NA,NA,NA,NA,NA,NA,"v11"
"545","Pwani","Kibaha","Ruvu","Minazi Mikinda","Yusuf A. Mzumeni","Kijiweni",NA,NA,"Kijiweni",NA,NA,NA,"Minazi mikinda",NA,0,"other","Don't know",NA,NA,NA,"non_functional","other","Infrastructures","upper Ruvu",NA,NA,NA,NA,NA,NA,NA,NA,NA,NA,"v11"
"546","Pwani","Kibaha","Ruvu","Minazi Mikinda","Yusuf A. Mzumeni","Kwa kishoka",NA,NA,"Kwa kishoka",NA,NA,NA,"Minazi mikinda",NA,0,"other","Misreporting",NA,NA,NA,"non_functional","other","Infrastructures","upper Ruvu",NA,NA,NA,NA,NA,NA,NA,NA,NA,NA,"v11"
"547","Pwani","Kibaha","Ruvu","Minazi Mikinda","Yusuf A. Mzumeni","Kwa kabiliga",NA,NA,"Kwa kabiliga",NA,NA,NA,"Minazi mikinda",NA,0,"other","Don't know",NA,NA,NA,"non_functional","other","Infrastructure","upper Ruvu",NA,NA,NA,NA,NA,NA,NA,NA,NA,NA,"v11"
"548","Pwani","Kibaha","Ruvu","Minazi Mikinda","Yusuf A. Mzumeni","Shule",NA,NA,"Shule",NA,NA,NA,"Minazi mikinda",NA,1,NA,NA,"functional",NA,NA,"functional",NA,NA,"upper Ruvu",NA,NA,NA,NA,NA,NA,NA,NA,NA,NA,"v11"
"549","Pwani","Kibaha","Ruvu","Minazi Mikinda","Yusuf A. Mzumeni","Kwa jadu",NA,NA,"Kwa jadu",NA,NA,NA,"Kingozi",NA,0,"other","Misrecording",NA,NA,NA,"functional",NA,NA,"upper Ruvu",NA,NA,NA,NA,NA,NA,NA,NA,NA,NA,"v11"
"550","Pwani","Kibaha","Ruvu","Minazi Mikinda","Yusuf A. Mzumeni","Kwa michuzi",NA,NA,"Kwa michuzi",NA,NA,NA,"Kingozi",NA,0,"other","Misrecotding",NA,NA,NA,"functional",NA,NA,"upper Ruvu",NA,NA,NA,NA,NA,NA,NA,NA,NA,NA,"v11"
"551","Pwani","Kibaha","Ruvu","Minazi Mikinda","Yusuf A. Mzumeni","Kwa kulinyangwa",NA,NA,"Kwa kulinyangwa",NA,NA,NA,"Minazi",NA,0,"other",NA,NA,NA,NA,"functional",NA,NA,"upper Ruvu",NA,NA,NA,NA,NA,NA,NA,NA,NA,NA,"v11"
"552","Pwani","Kibaha","Ruvu","Minazi Mikinda","Yusuf A. Mzumeni","Mgweno",NA,NA,"Mgweno",NA,NA,NA,"Lubungo",NA,1,NA,NA,"functional",NA,NA,"functional",NA,NA,"upper Ruvu",NA,NA,NA,NA,NA,NA,NA,NA,NA,NA,"v11"
"553","Pwani","Kibaha","Gwata","Mirarazi","Samuel Msangi","Kwa moshi",NA,NA,"Kwa moshi",NA,NA,"Buguruni",NA,NA,0,"other","Misrecording",NA,NA,NA,"functional",NA,NA,"Wami Chalinze",NA,NA,NA,NA,NA,NA,NA,NA,NA,NA,"v11"
"554","Pwani","Kibaha","Gwata","Mirarazi","Samuel Msangi","Shabani_Hassani_06023011032WP08","06023011032WP08",NA,NA,"Shabani_Hassani_06023011032WP08",NA,"Gude",NA,NA,1,NA,NA,"functional",NA,NA,"non_functional","other","Meter is not function","Wami Chalinze",NA,"9/1/2016","other","Meter is not function",NA,NA,NA,38.36162,-6.73979,4,"v11"
"570","Pwani","Kibaha","Gwata","Mirarazi","Samuel Msangi","Buguruni",NA,NA,"Buguruni",NA,NA,NA,"No ","Mirarazi",0,"other","Misreporting",NA,NA,NA,"functional",NA,NA,"Wami Chalinze",NA,NA,NA,NA,NA,NA,NA,NA,NA,NA,"v11"
"571","Pwani","Kibaha","Gwata","Mirarazi","Samuel Msangi","Kwa gude",NA,NA,"Kwa gude",NA,NA,"Gude",NA,"Mirarazi",1,NA,NA,"functional",NA,NA,"non_functional","other","Meter not fuction","Wami Chalinze",NA,"9/1/2016","other","Meter not function",NA,NA,NA,NA,NA,NA,"v11"
